surveyDistance,surveyAngle,GPS_x,GPS_y,GPS_alt
0.0,0.0,85125,33923,483
5.0,-2.5,85128,33918,481
7.0,-4.5,85129,33911,482
7.0,-4.0,85132,33904,481
5.0,-6.0,85135,33899,482
5.0,-6.0,85135,33893,481
5.0,-7.0,85136,33889,480
6.5,-12.0,85138,33883,479
4.3,10.0,85138,33879,479
4.3,2.0,85140,33877,478
3.8,-9.5,85142,33872,478
3.9,-17.0,85143,33870,477
4.4,-15.0,85144,33866,478
4.4,-18.0,85144,33862,476
4.3,-12.0,85145,33858,475
8.1,-13.0,85148,33851,472
5.4,-8.0,85149,33844,474
6.5,-6.0,85150,33841,468
8.8,-8.0,85152,33831,469
3.7,-14.0,85154,33830,469
1.7,-28.0,85153,33827,467
1.4,-5.0,85154,33826,468
2.7,-18.0,85154,33823,466
2.2,-9.0,85156,33821,466
2.2,14.0,85158,33820,466
3.3,2.0,85158,33817,468
2.6,21.0,85160,33816,467
1.7,10.0,85159,33813,466
7.8,0.0,85163,33806,467
3.0,17.0,85162,33803,469
6.7,8.0,85163,33797,469
1.1,-7.0,85163,33796,468
1.6,-18.0,85162,33793,467
4.4,0.0,85161,33788,468
4.9,31.0,85165,33787,475
4.2,30.0,85165,33782,474
1.2,-5.0,85165,33779,474